throughput_MAE,throughput_RMSE,throughput_MAPE
1.8816858530044556,3.999019145965576,0.021488508209586143
2.0052506923675537,4.0852251052856445,0.023611554875969887
1.916195034980774,3.601330518722534,0.023378321900963783
1.7218860387802124,3.708404541015625,0.020686699077486992
2.0793142318725586,3.738597869873047,0.028094863519072533
1.9208663702011108,3.8265154361724854,0.023451989516615868
0.12114169000691133,0.1838891795896276,0.002572518496725819
