throughput_MAE,throughput_RMSE,throughput_MAPE
1.7138842344284058,3.6859254837036133,0.018155232071876526
1.7804436683654785,3.740600347518921,0.019289392977952957
1.9692124128341675,3.98222279548645,0.027492035180330276
1.9947221279144287,3.6973519325256348,0.03501754626631737
1.908419132232666,3.807918071746826,0.026566816493868828
1.8733363151550293,3.7828037261962892,0.02530420459806919
0.10882238333648132,0.10850550551080158,0.006132137715771893
