throughput_MAE,throughput_RMSE,throughput_MAPE
2.1420321464538574,4.253116130828857,0.02634044736623764
2.181363105773926,3.8413145542144775,0.02508164569735527
1.9742082357406616,3.3315024375915527,0.027237294241786003
2.211737632751465,4.158802509307861,0.026624539867043495
2.469738721847534,4.507680892944336,0.036947980523109436
2.1958159685134886,4.018483304977417,0.02844638153910637
0.1596864090444986,0.4043235834192084,0.004308470505426005
